<?xml version="1.0" encoding="utf-8"?>
<selector xmlns:android="http://schemas.android.com/apk/res/android">
    <item android:state_pressed="true">
        <shape
            android:shape="rectangle">
            <solid android:color="#4DFFFFFF"/>
            <corners android:radius="50px"/>
        </shape>
    </item>
    <item>
        <shape
            android:shape="rectangle">
            <solid android:color="#2d000000"/>
            <corners android:radius="50px"/>
        </shape>
    </item>
</selector>