<?xml version="1.0" encoding="utf-8"?>
<selector xmlns:android="http://schemas.android.com/apk/res/android">
    <item android:state_checked="true">
        <shape xmlns:android="http://schemas.android.com/apk/res/android"
            android:shape="rectangle"
            android:visible="true"
            android:dither="true"
            android:useLevel="false">
            <solid android:color="@color/switch_green"/>
            <corners
                android:radius="6dp"/>
            <size
                android:width="28dp"
                android:height="10dp" />
        </shape>
    </item>

    <item android:state_checked="false">
        <shape xmlns:android="http://schemas.android.com/apk/res/android"
            android:shape="rectangle"
            android:visible="true"
            android:dither="true"
            android:useLevel="false">
            <solid android:color="@color/switch_red"/>
            <corners
                android:radius="6dp"/>
            <size
                android:width="28dp"
                android:height="10dp" />
        </shape>
    </item>
</selector>